date,Energy,Materials,Capital Goods,Commercial & Professional Services,Transportation,Automobiles & Components,Consumer Durables & Apparel,Consumer Services,Media,Retailing,Food & Staples Retailing,"Food, Beverage & Tobacco",Household & Personal Products,Health Care Equipment & Services,"Pharmaceuticals, Biotechnology & Life Sciences",Banks,Diversified Financials,Insurance,Real Estate,Software & Services,Technology Hardware & Equipment,Semiconductors & Semiconductor Equipment,Communication Services,Utilities
2009-02-01,84994811.7,312231542.07000005,258765002.0,6178923.199999999,64116327.1,34698269.300000004,59345613.958000004,10560467.7,13408610.2,45280901.900000006,6475561.9,75395981.9,3771098.3000000003,9670007.2,68341291.04800001,104503622.0,72762905.0,31990140,82659560.6,14034258.8,55788181.599999994,8288214.6,14434433.0,41394430.300000004
2009-03-01,209999543.9,882223421.0,667348340.4647,13730104.9,215641983.2,103438409.38,169098649.2,32504752.99,42182045.0,116171517.60000001,20996156.3,231841095.78,11379030.0,20860049.2,155538086.866,223691304.0,166910090.3,52925340,299769733.8,34552355.0,147957581.0,24594455.0,34636666.0,120675047.7
2009-04-01,205297145.0,845713017.309,547434646.04,11732110.2,186330176.1,103851472.7,131135518.9,32360755.2,34684474.8,105839023.6,14070371.700000001,176747574.5,9048773.600000001,17668371.7,139771108.60000002,261996924.0,172706125.0,68239530,291339179.90000004,30576402.4,130623971.19999999,26543184.700000003,24806716.6,108312543.2
2009-05-01,282288448.0,967404414.37,681407268.0999999,14029226.7,238400193.82,123930350.0,175396877.40000004,37222572.462,39536313.0,124731529.6,21435038.8,228128270.754,12334752.0,33150203.0,203727468.2,245084896.0,180202116.0,58793560,301878390.90000004,63212270.0,188079879.9,43947019.7,43855180.0,139980059.4
2009-06-01,306786637.0,751051584.26,554135195.1,12811040.4,170052479.0,109467834.13,137178670.14,26519418.886,36165840.0,94589247.5,15186127.3,150552717.38,9535820.4,30966009.9,166908903.64999998,196577371.0,147277547.0,41905440,278825350.6,37353249.9,129481619.8,33093960.0,29965890.0,140934026.6
2009-07-01,295264990.0,995908850.8,648468705.2,9852301.7,223529196.9,119003068.0,157713826.1,34833342.230000004,33832109.0,117424630.8,20748725.5,208308316.351,11596058.0,28588429.0,203349243.0,308178390.0,211783921.0,82043820,377218518.36,39168881.599999994,143118489.8,30269925.1,38682899.0,155643753.1
2009-08-01,467473277.0,1572562303.71,1064708011.02,19378983.2,341201238.3,179065508.24,222813847.20999998,63189978.5,52048861.0,166780604.0,29026237.7,303286998.75,16971652.0,37105118.0,256827434.46,376577120.0,297066337.0,89502830,624334839.0,66048583.0,232323918.60000002,48530186.0,57228759.0,277335385.0
2009-09-01,310948315.0,1115087640.6999998,759412573.8,13271144.9,244350506.7,133589195.5,170639362.5,45795018.1,36108740.0,136282679.70000002,26389068.6,236141299.6,12849153.0,28328000.8,218150168.5,267961720.0,187735114.0,83564530,372507477.70000005,43068137.6,166716361.5,28815636.0,36995368.0,175059185.9
2009-10-01,233416568.7,950394133.77,658840311.1999999,13350177.1,181134461.9,127399422.39999999,154360683.3,45016247.3,46507682.4,115871737.60000001,21243526.200000003,201569982.0,10612058.0,50915037.3,231691330.6,229459857.0,131171364.0,67129590,293690549.23,49144691.6,196389101.10000002,35287647.7,27860176.0,125162692.4
2009-11-01,198856979.1,663891577.7,452470770.4,12304082.4,107229854.8,109242826.39999999,119661187.2,26032140.6,28767529.0,87835532.6,13048687.1,138989266.2,9879692.3,41228935.8,178929354.2,163840408.0,93305334.1,46230190,257911819.2,33075600.799999997,129547421.8,21137796.0,16725760.0,85689283.6
2009-12-01,310822046.0,1246005413.32,919602996.9499999,24082859.3,266203549.0,200772847.8,267242506.0,67155393.8,45641037.0,180019731.2,31513160.0,307022177.0,15274881.0,88599791.0,352003239.0,263497585.0,188436273.0,73409600,500563950.0,59330271.12,247779300.4,41038761.0,27890180.0,211897660.0
2010-01-01,263897156.1,933697542.5400001,733979141.1,13405686.5,203454956.7,171055428.29999998,204541704.5,45000076.5,26773433.0,141217119.5,24056925.7,245228054.2,10990775.0,38172641.8,203695384.39999998,280304750.0,208589567.0,82590170,390949278.2,56445100.480000004,248318767.10000002,45069839.0,43270094.0,138549560.6
2010-02-01,229768335.1,761371670.0,691531091.7,11390717.0,231224253.9,142535630.6,202901712.1,45744763.7,51132768.0,138040627.9,25215853.799999997,221683135.0,10192380.2,31733877.6,185120270.50000003,256954210.0,193719156.0,61246030,323031536.9,61501098.5,268103338.3,51964139.0,34847064.0,107296272.5
2010-03-01,95034343.8,371237842.65999997,355236775.8,6760155.8,139727360.7,66234040.5,94056737.5,30197722.5,22689883.2,89556217.3,11681071.399999999,127067848.1,6244330.600000001,18406519.7,102309835.19999999,88544610.0,63855348.0,44773630,191178808.4,21628860.8,111632464.0,19688355.0,11343411.0,68757919.2
2010-04-01,159110625.6,679651990.0,655174689.9999999,12700995.2,210528993.0,131999029.1,204583071.4,41456027.3,33288120.0,133041143.8,18318984.1,206561104.6,12211798.6,28454555.7,153226447.7,152348626.0,103722204.0,50488660,306348946.6,45772383.9,232408633.3,63847729.0,16266095.0,126034576.6
2010-05-01,198354395.0,856232898.0999999,757889143.5,11711537.1,186610456.0,157612394.6,197634301.10000002,52016496.8,43316944.0,153198357.8,21871860.0,251287390.4,13178284.0,46849527.0,250177016.9,184401840.0,77942858.0,57886010,293312560.3,61094488.9,286761624.4,65374695.0,20077934.0,144030723.3
2010-06-01,131391830.9,573003247.0999999,427995339.29999995,7325057.2,109166486.60000001,105903701.0,130570292.7,25831828.2,33944709.6,85612929.94,13119141.48,157826964.4,5885467.0,24422053.200000003,147647494.5,144707947.0,65501029.0,54577900,191110159.3,27358857.000000004,166855747.19,39688888.0,10397242.0,66284550.6
2010-07-01,76115045.19999999,372857148.20000005,316674207.1,4705466.5,77081973.80000001,76641444.39999999,98085559.10000001,19878448.0,24986469.0,58140380.199999996,9077366.100000001,110264559.80000001,4976722.6,22350893.6,127575416.6,113867128.0,40254121.0,35014440,146068554.2,34547586.699999996,150142755.0,42375202.0,8539473.0,39786734.00000001
2010-08-01,130412366.3,513055029.3,471012159.1,7503881.7,105373105.19999999,103112509.30000001,127944227.19999999,25297076.3,25189139.0,72184897.6,9217241.8,134164603.79999998,6956047.0,21748439.3,138588806.7,119106711.0,54693571.0,33654190,218328585.36,30849983.699999996,164352348.8,39970920.7,13035471.1,67689157.19999999
2010-09-01,168911153.0,792227093.2,711312529.1,13547979.4,142805856.2,147406344.73,195242281.2,37060041.3,36979463.0,120373550.5,19507534.4,212557702.7,9219306.0,42393561.0,230898390.0,123878752.0,58033993.0,22941610,272746240.4,47709592.3,255021280.9,66237072.0,12598702.0,89861332.10000001
2010-10-01,121807061.8,895689763.4000001,645441421.0,13166428.0,120693451.5,138735112.1,174698891.79999998,33719508.9,43070985.0,105655449.80000001,14436727.6,196131111.70000002,9127086.0,34395251.0,232657098.1,122452001.0,45120790.0,44609060,171863759.66,50808039.50000001,235942514.39999998,55983434.0,11539655.0,94878200.7
2010-11-01,432666095.0,1405140943.0,871261452.0,12657375.0,187413863.0,169638449.67999998,199716437.3,33799834.9,43663414.0,114599450.1,16128864.0,259371092.9,14491680.0,40065462.0,263230711.2,235334030.0,163091588.0,87220750,259848503.0,59406322.0,272874865.9,50927892.0,23022473.0,125321835.6
2010-12-01,405308625.0,1709776972.0,1204672051.12,17655285.0,225762433.0,235806771.7,265890069.68,52292713.3,53856442.0,175161016.64000002,27600114.529999997,356310351.2,23151616.0,59634238.0,419635079.0,230573603.0,118990036.0,77598100,299987192.3,88261093.0,438167488.8,94197158.9,24328253.0,170129963.5
2011-01-01,260018980.92000002,972383508.65,795549237.3,10661265.7,116538176.69999999,114404093.20000002,147992939.0,28110276.9,25433184.0,97512747.10000001,15229555.0,230988501.9,12133409.0,30677996.0,198541332.4,130539219.0,61397331.0,53277490,221518468.3,50255467.2,252385480.4,46662160.0,25218467.0,98268041.60000001
2011-02-01,181143590.03,628940920.24,625682149.9000001,5227433.1,103098925.9,85562417.4,97823914.78999999,18897888.3,11808899.3,67331332.6,9162748.5,139681682.6,6625821.1,23067114.9,117158212.79999998,139827222.0,38051866.5,47586380,179518751.09999996,26493506.0,144029645.79999998,28615215.6,16842596.0,60374145.900000006
2011-03-01,153875015.4,740561175.0999999,721693786.8699999,6443329.2,102747846.9,84306223.8,123079760.7,27303523.4,12388492.0,71839455.7,13415211.299999999,155283290.82,7878841.3,21869276.200000003,126991015.39999999,102450007.0,62078468.0,36469310,162564077.5,25381841.7,162896598.20000002,30894740.0,15097703.0,88939911.9
2011-04-01,312848713.0,1315259636.21,1078354934.7,9919110.4,140808013.0,136883711.4,229274976.75,46507672.8,26239029.0,140389630.8,23352396.9,248498594.3,14535339.0,43029516.8,269056357.7,209916533.0,81642164.0,59957870,316046466.7,46879402.7,241903816.1,52410276.0,17548529.0,162111775.2
2011-05-01,212361293.0,1146571345.3000002,629141448.0,8130994.800000001,125676982.5,99734005.2,174000965.60000002,39327065.3,21047219.0,110142133.3,15530471.9,185049611.2,7144256.3,36385431.2,189031414.2,179228747.0,61378250.7,56526560,206287759.4,38026126.099999994,147326388.70000002,23566222.0,12819136.0,127934207.5
2011-06-01,140498024.9,799268667.2,466317465.97,8585483.0,83105474.6,66315080.699999996,167124999.59999996,22470398.7,13967450.1,87720659.1,7750503.0,160431776.9,5742089.2,30335937.2,140491779.1,94933830.0,45707890.0,29673279,156009040.39999998,31230784.0,115148694.0,17187182.0,7658721.2,146632213.7
2011-07-01,154626026.5,750589357.5,465355033.6,4018420.1,56155491.2,59146798.1,120269559.55999999,13649357.0,8741882.100000001,63820608.33,4784971.7,164418497.5,4216694.7,19146583.9,120548597.39999999,92793919.0,44723782.0,26372966,142416408.63,21773862.0,98926517.7,13220989.4,9540460.4,76588052.5
2011-08-01,182673407.8,910432173.1,596340879.9000001,6571320.5,84611202.69999999,89703569.7,179088763.89999998,19720702.6,21850978.4,80818641.92000002,11496627.5,194555645.1,5549621.0,38134200.4,188346050.8,107629317.0,46212001.0,27872282,163975677.4,31806700.7,147714124.0,22259430.6,9143225.4,93409519.9
2011-09-01,152331384.9,690766107.4,413665028.79999995,4561834.2,71032091.2,62069104.2,150510430.8,20732013.7,16210026.8,75025045.5,7875127.7,207158406.0,5710747.0,25129824.6,133638223.5,111290336.0,41063923.0,32574107,169676859.29999998,30510523.4,133117518.6,21693772.5,10341504.7,69912940.60000001
2011-10-01,90922665.30000001,493272204.0,240224676.60000002,2053498.4,38131512.400000006,55311173.300000004,93183586.6,13797414.600000001,9316728.299999999,51852831.22,8704559.6,101621588.68,5337469.1,13816276.3,72941364.16000001,67645525.0,40871979.9,24680235,87061662.46,14724931.1,76506494.0,10287755.0,9985241.0,35507276.8
2011-11-01,97661341.6,378097955.20000005,227509813.36,4519922.6,34065054.300000004,45264951.1,71097667.3,9274758.899999999,25059357.9,39307024.02,7863220.2,83578585.3,2967889.7,9175939.100000001,56321602.2,74971080.0,51297364.0,24647820,94232915.60000001,17622941.8,74414940.30999999,11202918.4,8149226.0,31369263.300000004
2011-12-01,123665619.8,509292233.23,364014109.79999995,9929544.7,48018823.6,71509330.99999999,103988197.19999999,15665297.600000003,40975235.1,63811893.300000004,14378968.399999999,137096546.60000002,4628960.7,19498317.2,105834285.9,71771601.0,46332056.9,32700450,121183673.5,45665222.400000006,141777184.14,26022739.0,13007051.0,63858385.800000004
2012-01-01,63310638.400000006,289440467.54,230500971.64,3845103.5,27930395.46,40894108.5,59012223.6,9240800.180000002,17462367.5,38002710.7,8185738.739999999,100293771.07000001,3297789.3,9323240.700000001,75273848.39999999,72125801.0,27772827.9,27397287,79248803.48,20225726.3,74569817.7,13101565.3,9120487.9,38705547.49999999
2012-02-01,92000235.8,299951873.96999997,181467824.66,1944207.0999999999,30374096.499999996,32403740.1,54331344.96999999,7109544.9,10074293.3,29960484.41,5354282.71,88885731.42999999,2048882.1,7577272.800000001,56293977.59,76378957.0,24784645.1,22663050,66918046.54999999,16430306.6,55428450.2,10901477.3,10849491.9,26333033.3
2012-03-01,140922429.6,580159870.96,361560363.79999995,6329638.0,58600754.400000006,66377055.0,108144511.89999999,18561977.900000002,24121998.5,54386790.19999999,9635337.4,174709234.2,4856435.7,17099956.8,122798017.3,112891216.0,46367873.0,36028850,172210945.87,33564835.8,137884351.5,24311177.1,17901753.0,54210995.2
2012-04-01,122907486.19999999,672455137.55,417312996.1,9615152.0,60477170.0,79858820.128,129860029.6,22152242.5,40948585.6,95206079.12,12115238.4,207962735.9,6930813.4,21148989.5,134629917.66,96851893.0,58809919.0,33551552,169480173.50000003,31415841.599999998,148290845.3,29401130.5,20057328.0,63154095.699999996
2012-05-01,83725135.4,395775389.56,316491133.69,5656261.3,48436993.300000004,52006589.4,87601532.50000001,18184739.8,17965519.2,90460752.03999999,6885639.1,136958606.89999998,4355722.199999999,12515650.1,81925072.3,78057359.0,86900920.0,29427826,185868494.3,20620247.0,95646994.3,13152789.3,8012426.0,42830930.8
2012-06-01,132603875.3,577647598.3,412990103.11,8145165.8,66411030.099999994,65782131.699999996,102550323.80000001,18789906.300000004,16230443.5,84624108.69999999,8326190.600000001,206569552.9,7222614.8,38726115.0,140297073.02,99898746.0,90597008.0,36034373,184169786.26000002,23135611.799999997,95797136.27,17664271.4,8070806.0,55231919.3
2012-07-01,76795651.9,336456219.94,230237793.92000002,4595914.27,34325465.9,39664355.0,61178590.3,13300156.3,8177753.5,45204067.6,4930421.8,134691210.6,4418098.3,25569441.5,119343079.89,77482821.0,51654103.2,31819855,141893046.8,15987594.399999999,74653773.0,9828182.6,5021786.0,53674077.4
2012-08-01,78386861.55,291594776.06,202434487.194,4206635.5,35462586.82,41559900.63,64456865.44,17788398.19,8017144.0600000005,49911135.22,6257898.800000001,213805079.11999997,3828637.8,31156228.9,153105701.47000003,67370796.0,51139990.0,35553190,128553942.78,13048864.090000002,58395439.76,9111549.200000001,6923001.7,37430118.15
2012-09-01,63784032.8,339446249.06,202531970.88,3422889.2800000003,29233369.17,35972060.9,70453438.78999999,12557307.959999997,7058008.16,52217119.199999996,8071990.9,146742802.40000004,3824898.5999999996,22985467.6,105167420.43,53683985.0,44420336.6,25776398,124262054.37000002,21068296.66,78045400.79,17811877.5,7380635.2,28343151.35
2012-10-01,76738860.2,380580353.0500001,239883084.469,2969054.1,25783629.299999997,41472797.6,57544703.3,12306312.699999997,6597655.8,43046114.099999994,4376328.5,98836876.9,3502257.0,14636005.5,69315253.32000001,58175020.0,49619869.6,22279510,94725345.54,22614039.4,87087337.09999998,16517071.799999999,6704325.0,24133523.5
2012-11-01,56993898.7,286582850.27,181969097.66,2338697.87,25962371.8,40460930.3,50294549.3,8931673.7,9846862.5,34862031.3,4296665.7,92402894.3,6644406.8,11419162.299999999,69178306.9,41320043.0,40700886.7,18157504,82871776.2,14685493.7,69135445.2,7766149.0,3788006.0,31605546.68
2012-12-01,45310815.699999996,229543577.09999996,171787562.95000002,3031126.4,24275518.27,34749846.39,49150881.0,8245242.489999999,14464639.899999999,27355364.44,3670591.2999999993,114856006.9,3984838.6,8462227.0,65774363.3,54823311.0,39666045.8,22805696,115384563.16000001,21978261.94,46411376.24,5768315.899999999,4146938.0,31378537.630000003
2013-01-01,97745748.5,419867274.37,321279459.43,3362510.0,43891567.004,62511894.04,72722347.53,15036583.799999999,12525973.7,49437275.8,9389288.1,198193430.29999998,7062671.9,14937493.1,91390907.31,184081939.0,72608434.5,39597388,198751715.79999998,21126713.68,82561159.80999999,11252633.4,6784031.0,54215683.5
2013-02-01,132586781.2,534400457.19000006,485171608.8,5795433.0,60858036.3,89924178.1,96655875.0,21694063.5,18701600.1,74356861.5,11077060.5,211058200.2,8805517.3,29625172.5,160111848.5,245665266.0,111969029.0,57869320,237683062.5,34662495.4,135521628.6,18803359.4,9543928.0,69295789.69999999
2013-03-01,96653768.2,346368539.9,317776748.18,4226384.0,42178865.2,69156622.6,63930532.0,18259224.9,11482545.2,50731759.29999999,6955814.0,134687323.8,9241191.6,22274595.4,128070400.3,237274622.0,110604270.0,53430550,147117414.90000004,24659871.3,87937844.0,15215954.0,7025385.0,47158438.00000001
2013-04-01,107990378.80000001,437301741.25,364302679.3,6862707.9,52305314.5,79532065.1,104842590.25999999,21997225.599999994,14338383.600000001,52618703.09999999,9254069.9,159300985.29999998,9133401.0,37785633.9,171219553.10000002,283865098.0,124393807.0,47764950,168758125.7,40502500.05,145021287.2,21789763.4,7260176.0,89398601.1
2013-05-01,47834249.7,273601738.48,243406007.98,4252105.9,36624233.9,60468223.099999994,99622488.63,14252182.500000002,10358615.799999999,39129615.6,5231960.899999999,115260831.0,8462751.299999999,30626523.2,153780081.6,137105801.0,75091062.0,34441490,126241579.1,29883041.6,97589667.8,15565001.5,6979537.0,45879510.099999994
2013-06-01,83432165.0,429281513.79999995,452546411.2,8380072.0,49129593.800000004,143566028.3,138997847.9,22540741.2,40458962.4,68972298.8,10430257.6,154513424.60000002,16603485.7,47235127.0,192697107.39999998,166593185.0,123081393.0,36260510,192973640.5,58673947.3,213117693.70000002,49215155.0,12920310.0,72420845.7
2013-07-01,51311399.4,250478807.34,300909262.0,5133611.2,36426716.699999996,73420661.2,82048262.28999999,15224878.4,27218574.1,46855276.30000001,5584802.7,91142158.80000001,8349536.6,28129454.0,119593237.30000001,127581927.0,75348820.0,30376720,120177420.7,44436980.0,118372908.3,31607951.7,11735950.0,47040594.0
2013-08-01,67528519.8,355830243.1,366423675.65999997,11469079.8,39454560.3,88722223.3,101579877.19999999,21666480.2,52658792.1,67865017.2,7207486.4,118578053.30000001,10383072.8,38946661.1,165019410.29999998,138218988.0,110793802.0,35819383,166510989.89999998,92180466.2,210661194.3,45175118.8,17460530.0,57712521.2
2013-09-01,87809810.8,424104607.3,386593054.5,19844196.6,80027867.3,93383507.3,110021517.3,22429797.6,52877393.0,105682609.80000001,9619186.8,129384444.80000001,9774986.0,36411368.2,178566592.08999997,141249924.0,124244463.0,33791900,173377268.04,112662944.0,241444181.32,39481424.0,16693600.0,59501320.9
2013-10-01,69672393.4,343694035.15,463237994.30999994,19505072.2,189730486.89999998,100790322.2,123661487.55,29043976.4,67881062.7,155789650.1,18871475.4,174511887.9,13177879.5,35888359.2,149932802.39999998,263626156.0,180676714.0,44505110,242248734.10000002,71806826.1,169495117.9,37927071.0,22914800.0,55000472.900000006
2013-11-01,67660658.2,298770723.6,451057899.85,13638771.5,106636790.19999999,92638531.19999999,138022871.6,24102385.4,51441189.4,160486278.89999998,21925661.0,164779098.3,13598888.0,38025709.0,173208465.3,147952824.0,94287255.0,28186060,163792766.99999997,93636326.8,189801899.7,36600662.4,18804250.0,82970777.10000001
2013-12-01,90575263.19999999,285322353.5,429440081.71,9877100.3,96743211.5,81164584.9,115317044.64999998,16695250.200000001,27570748.2,113157545.10000001,13451083.3,151575114.2,11204080.3,30139902.5,123621375.55,143746714.0,120644237.0,65635673,125936779.7,55330005.6,162704714.89999998,34407964.2,11625940.0,59876376.39999999
2014-01-01,56819391.6,307333725.79999995,380896097.78000003,14118550.6,81640287.9,86700757.89999999,127892207.8,15561688.100000001,25334433.200000003,99784124.39999999,12139113.6,129171470.0,9285590.4,35636557.7,145751264.29999998,139691461.0,125718427.0,53092680,121426092.72,46870861.5,165154125.39999998,31952959.7,9500863.0,60066146.99999999
2014-02-01,44661115.4,232184524.85000002,294712449.64,22253353.9,43066656.099999994,65272146.50000001,116401455.8,14347604.6,29803156.700000003,71950964.94,7974303.600000001,107951362.7,8968905.5,30158200.0,129767063.50000001,81865904.0,75763515.0,34068954,95011391.3,80402783.9,201209259.5,42864232.9,14350050.0,34187102.8
2014-03-01,68237006.4,305853174.7,426224918.6,23045819.4,68419177.7,113417340.60000001,142652926.9,21852129.999999996,35789471.0,95918225.1,10624393.1,108372200.0,9782338.1,34879785.7,162959940.90000004,117108621.0,84086674.0,29689670,110278085.7,94243472.0,253805573.5,49319722.0,6562330.0,44027162.4
2014-04-01,68994269.9,365167353.4,431014649.15,14692009.0,69315391.70000002,128237767.7,140355645.9,17777251.7,23368451.2,96388717.99999999,17293211.6,130241551.1,10445662.6,34115280.8,146833249.2,134778039.0,82225539.0,28326094,191458007.3,64645219.0,210800880.0,34592094.3,7578170.0,59185336.300000004
2014-05-01,58424492.4,327384479.29999995,325764513.95,14943272.9,71823438.0,88348547.1,109935401.30000001,20438350.3,21859284.3,74807186.1,17438911.9,105554926.53999999,7974090.8,24798155.4,128017919.69999999,134476236.0,94143184.0,40318460,181239128.9,44599118.3,162518193.5,32492455.6,6132860.0,52856992.199999996
2014-06-01,62537945.6,249976652.859,230795338.20000002,12781861.2,56786652.5,57361486.099999994,63094846.50000001,12923820.700000001,16604738.9,44218944.099999994,14652715.799999999,76042573.80000001,5728006.5,20914987.8,87073383.5,71701292.0,67330771.0,21140080,109232213.49999999,56484930.5,137791802.7,22266035.7,9521440.0,31377263.500000004
2014-07-01,45769983.7,273189851.0,290896854.09999996,14529787.3,52135848.7,73813451.60000001,70415564.9,12533630.200000001,27059958.900000002,44784084.8,9668414.200000001,82830480.4,5908991.0,21259500.0,93285679.1,76286806.0,52345770.0,29184570,86404068.2,109240005.0,174520206.5,30788299.2,9373527.0,30179411.7
2014-08-01,87984693.6,590983945.0,612517415.2,21336718.0,89987998.6,177324397.0,112409812.6,24870487.6,36452570.1,71411212.67,11668491.100000001,137137882.0,6476195.6,38303609.9,175141245.86,134855036.0,120810411.0,41903061,179779085.5,98008149.0,243964615.9,48438973.0,12778973.0,75791610.9
2014-09-01,105658323.0,684763140.4,658050042.5999999,19447178.9,126820525.30000001,141970253.7,140273465.10000002,30606819.2,55781864.0,94889751.4,17237554.0,146084257.4,9794637.0,46621309.0,218160163.7,127710798.0,164457311.0,43490431,182759577.95999998,122843930.0,309371097.1,52800280.4,13622560.0,88403331.9
2014-10-01,125518627.2,705685330.4599999,907328498.93,23360082.0,219096631.7,158502441.0,201100320.53,40781702.0,55900226.0,139067993.52,21329239.0,186851714.64,12410480.0,62835719.6,265022815.5,148028184.0,166492549.0,44815330,250211849.0,130086374.5,363006362.7,61499362.0,19492710.0,134248322.0
2014-11-01,98603866.0,572166263.13,819449282.8,19803427.0,200983791.0,141927419.7,155531961.5,28888311.6,42816411.0,105685793.27,21958744.0,165196977.5,11651092.0,58530995.0,315128227.0,157846969.0,185532179.0,44559630,227958729.8,107513310.0,272945402.5,51619057.0,13283800.0,105073887.8
2014-12-01,161924860.0,783932225.0,1079404492.5,26372605.0,324890731.0,149082090.0,186489596.18,41077359.7,51553050.0,146411457.7,29007039.2,236627791.9,13296942.0,49222073.0,274165536.0,427514080.0,496151411.0,134971260,358651782.1,129035244.0,286352636.0,47144485.0,24798740.0,171988023.0
2015-01-01,470740888.0,1448535403.26,2163756710.07,34030263.1,648393428.0,268490484.9,324960679.7,66868337.4,74215345.0,261219670.89999998,43907851.3,443607869.0,22637618.0,75149297.0,420170660.0,1523008320.0,1560235780.0,500937500,707775952.9,205313021.7,423930284.6,75168052.0,57852221.0,474540599.0
2015-02-01,347018889.0,986961007.0999999,1619019961.1,28142641.0,383851665.0,197637243.4,237915295.60000002,44654035.0,49063461.17,169676218.45,27444820.0,279364544.6,15878215.04,70348259.0,312691393.0,933582260.0,833889871.0,510859500,525006636.3,231812676.0,337786684.9,78766331.0,34702920,307986907.0
2015-03-01,145544866.0,532588581.06000006,866858219.8000001,21955466.0,172223340.0,124115235.5,179670744.6,19337030.0,67590971.9,121264779.19999999,15971042.0,143013605.8,10133673.0,50565735.0,176876025.0,354428750.0,429559733.0,236643200,268057345.3,181748645.9,281158191.6,56955596.0,31677910,155801471.6
2015-04-01,382353547.0,1749980713.2,2581744532.69,54656084.0,663417400.0,341413453.59000003,440377430.18,75929643.0,137694384.0,312138780.2,36152427.0,421078637.0,28010880.0,114318035.0,525503622.8,974723840.0,822168970.0,432283800,791414482.7,344802710.0,722304423.0,128292277.0,44365400,426973952.3
2015-05-01,735461146.0,2607238457.95,4339723584.605,60729676.0,1096165919.9,481933959.5,660888740.64,120712669.15,169631446.0,415332870.07,44151996.0,628081059.65,41019777.0,174047002.0,711496741.7,1399267760.0,1172896720.0,565552000,1089995260.1,362116288.0,935492807.51,149390908.0,150318200,790987950.0
2015-06-01,541145215.36,2587863701.85,3804098351.77,80039590.0,984369075.0,510230474.0,761388319.6800001,127172474.0,187515200.0,559079156.5,68266335.0,646034756.5,44305539.0,169135375.0,750618138.77,927685280.0,825706020.0,473019400,1155807712.5,498124625.0,1132679066.908,189113802.57999998,136465700,884306416.8
2015-07-01,832517178.0,3583542369.08,4280048864.2799997,77300330.0,1355003309.2,648049883.0,909144470.1500001,178881645.0,142222980.0,563050744.7,81493227.0,908429110.9,61320850.0,168026837.78,918849687.5,1451689900.0,797860770.0,427335300,1565268036.4,488634963.78000003,1366066487.42,222844603.0,123816000,1130063290.0
2015-08-01,709695432.7,2174659998.196,3131050303.1099997,38840392.6,959718136.1,492160684.98,730580636.6899999,126378427.3,79423795.0,377639238.4,62752191.0,735741375.48,34066761.4,152780903.6,761017201.7279999,1536094400.0,692607133.0,508504800,1046008454.0899999,456506844.79999995,1064584813.37,185410021.2,90554200,670273576.5500001
2015-09-01,387238096.0,1787180127.54,2312440004.83,33217141.0,672060405.5,434338982.67,527142167.5,110253084.5,54526662.0,383712306.6,57956552.0,461349622.65999997,40842179.0,110435423.0,536993500.0,446540810.0,357225621.0,186228750,806619849.4,365860882.0,844214611.1,131698588.0,65363390,547350248.0
2015-10-01,176240759.0,906681983.26,1235167934.07,35507982.0,320491032.0,258317358.1,282146354.93,60232918.0,24339697.0,227030808.0,36488114.0,217395320.6,18834628.0,54078726.8,281440543.6,325126752.0,186777462.0,102969820,443075709.8,220334589.0,511176590.9,60023582.0,26418670,273416304.89
2015-11-01,185336841.0,1203163693.52,1581168231.8000002,41711620.0,398165569.0,348472857.0,346616211.4,74939928.7,29813607.0,301475604.5,45077681.0,271487203.1,18168856.0,75911783.0,380455688.0,163333430.0,188750460.0,69523900,561656980.5,320279224.0,597869964.0,73858646.0,22938440,345067580.0
2015-12-01,212401285.0,1746235466.67,2066716917.1,42988719.0,470552903.4,417170416.0,412969619.0,105245054.1,87438070.0,383929581.7,45982294.0,381490522.8,37187281.0,94364470.0,512182416.1,331421030.0,557407690.0,121931660,729623203.0,456603716.8,898427470.0,174026944.1,26157000,420775062.4
2016-01-01,143574379.0,1453710957.9299998,1437075161.46,58447662.0,391589844.0,283629467.0,413485310.76,95815428.4,87882593.0,346205366.07,46989844.0,384247879.4,32425856.0,82071378.0,469208716.8,354106110.0,344508660.0,95997700,804883695.4000001,324659828.0,715960904.0,108170542.0,13898370,268514080.0
2016-02-01,168166252.0,884947326.0799999,877240290.69,43747616.0,261404539.7,176099067.5,233635275.55,54107729.8,68626145.0,183091343.5,20298978.0,224603646.89999998,13717167.0,49898641.0,300510163.4,165086330.0,195502647.8,59008070,369641893.5,165679402.5,405998121.9,53580693.0,11492190,171120973.6
2016-03-01,105467321.0,663818757.72,560385287.1,25307982.0,181781208.9,119019234.0,160931959.1,33745635.0,56977464.0,129353436.0,11869230.0,168801799.6,8555947.0,29263873.0,190017147.0,88551110.0,113556270.0,32073750,249953000.0,130681743.0,303186736.0,39495799.0,6824970,119709700.0
2016-04-01,157838765.0,1180760917.9,898982497.2,45254484.0,288919953.0,197967478.8,222720538.6,58810696.0,83197632.0,195648837.0,19633657.0,292223392.0,16676613.0,42953831.0,302374208.0,216959650.0,262155149.0,68922780,446742043.61,270999887.0,474026700.0,75476530.7,11955800,186219773.6
2016-05-01,148313743.0,990008286.5999999,777807279.5999999,39489003.0,223470774.0,212664639.67000002,194475952.3,41248310.0,82488609.0,157254804.0,16082228.0,251018924.0,17403619.0,46284876.0,263290910.0,130504050.0,148569068.0,42474370,274539158.51,205370846.0,408565438.0,67301089.0,8064250,140974221.0
2016-06-01,76423266.0,732797220.1999999,523365222.5,29248373.0,169900061.9,150077277.7,228573295.2,27291324.0,52344041.0,98313886.0,11641370.9,270125646.0,8471968.0,48090102.0,199983257.0,98624779.0,90323754.0,32951058,185131924.0,165673498.0,398894914.0,63210157.0,3880967,101201394.0
2016-07-01,68446197.0,940577563.3,678214630.0,29935721.0,146173257.0,217495592.0,231318474.0,23828508.0,63181211.0,126306891.1,14171116.0,265889371.9,8636121.0,42424487.0,207291925.0,87020046.0,105701637.0,25458888,189774012.0,249289843.0,480680862.0,116693113.0,4695640,99613183.0
2016-08-01,105282736.0,1161181609.3000002,871294703.3,29772304.5,210443751.3,219287680.0,218708004.62,35161473.0,112721517.0,150708196.0,14399321.0,352467449.0,12617924.0,54465298.0,302561218.0,108673680.0,133986307.0,28086509,340032066.0,208687143.0,576647259.0,94482739.0,9958350,136797282.0
2016-09-01,111006239.0,909882224.56,753932959.3,21445681.0,205624537.0,179211437.0,172867374.0,57830084.0,126171346.64,203226462.0,20792974.0,290059610.0,14174267.0,59200723.3,281459370.0,239920639.0,170340039.0,46061040,530019445.0,145617124.0,499999985.0,51574773.0,6757346,127600076.0
2016-10-01,79134711.0,661980211.5,592181645.89,14325462.0,112754982.1,152148085.8,176386759.0,53693609.0,76483687.0,107057345.0,10357154.0,173371254.0,10468549.0,35612320.0,190909348.0,101849088.0,101875443.0,36771977,281851328.0,85199207.0,373854398.0,49694573.0,3401440,107982306.0
2016-11-01,109180205.0,626700781.1,580787296.1,11545135.0,130845682.0,136424694.8,129221115.0,48414912.0,48544997.0,103392199.07,11857678.0,189550196.0,9319185.0,26851511.0,158371788.0,78020477.0,102876235.0,21973858,226863656.2,90853490.0,270624312.0,31196751.0,22696610,119683511.0
2016-12-01,216905113.0,1366760011.0,1122485131.0,23779841.0,249907331.0,219491001.0,248521209.0,48822985.3,67739936.0,192198906.0,23312767.0,326319779.0,14290883.0,38851356.0,248508261.0,191337457.0,232728124.0,54286440,346378325.0,123349723.0,359871406.0,45388067.0,33991110,182085298.0
2017-01-01,133227409.0,900311159.0,900081063.9,17940357.0,185265114.0,169156079.6,280783843.0,43466784.0,36608741.0,166648079.0,42510755.0,270635839.0,10069540.0,26925659.0,184777591.0,179065830.0,116939693.0,46952910,275715773.6,90362644.0,247385078.0,27445245.0,73428100,149342265.0
2017-02-01,92740236.0,641280094.4,596234880.2,9014615.0,152401689.0,172898200.8,138868123.8,25881948.0,24879810.0,103213693.0,22776294.0,172315954.0,26203848.0,22577851.0,121503869.0,98411661.0,62854758.0,31008167,146476408.3,59593725.0,188883763.0,20296534.0,31399310,110533397.0
2017-03-01,107764998.0,873783938.2,664370984.3,20549733.0,187559500.2,164284320.0,157405357.3,25564577.0,32960483.0,100469957.0,26259120.0,198458769.0,21887465.0,28101111.8,155285263.0,121649820.0,94583250.0,45371778,0.0,70860154.0,180765645.0,20754891.0,21950930,113732137.0
2017-04-01,113839323.0,979336649.9,867872904.9,24123276.0,255942456.0,186978026.0,223744626.0,39699948.0,78984575.0,97651673.8,21439689.0,263599526.0,14621120.0,37149427.0,213285060.0,142449713.0,110392444.0,56121750,0.0,122447148.0,313707451.0,40432385.0,46469150,150338434.0
2017-05-01,100410148.0,894323854.7,816185194.7,19303526.0,278306211.2,150875204.0,166622977.0,34540042.0,26172016.0,65452724.4,11549624.0,192875183.60000002,8779494.0,31713716.0,162792379.7,124158810.0,75641640.0,54255570,0.0,78022573.0,250911266.2,25878321.0,0,252798242.0
2017-06-01,101652416.0,621492301.5,609413138.61,9893639.0,159866595.9,96986934.2,149658301.8,19032171.87,24062813.0,57724475.6,7959599.8,165127800.0,4885609.0,29806458.5,134835191.4,182682608.0,73889129.0,94481650,0.0,82304244.0,220623795.2,23834857.0,0,245235946.6
2017-07-01,92967227.8,638438156.8,601247886.0,10161916.0,171528884.9,137103630.9,188571859.98999998,23852511.723,22439626.7,76551428.4,14985970.0,224604723.8,8419321.0,35962724.4,179220411.8,226545550.0,87194133.0,116837730,0.0,106502218.0,263671233.67000002,35129366.9,0,173907480.2
2017-08-01,174027641.2,1382904621.0700002,704504071.7,11202586.0,207425334.0,143484945.2,178242925.8,23748915.7,24642099.0,86835264.60000001,10765529.0,257111749.1,7074387.0,35456376.1,172999728.8,287040610.0,128205455.0,118369230,0.0,150315914.0,340174767.9,39912923.4,0,124763213.3
2017-09-01,264393882.0,1927141255.3000002,789044713.2,12019672.0,240222001.0,131024061.8,159080429.2,22079444.66,30853476.0,92164879.5,8289417.0,277043563.2,8029314.0,32196529.5,188933839.40000004,253219620.0,156259626.0,110541280,0.0,233338729.0,340965162.0,39922601.2,43230090,159886676.5
2017-10-01,199574653.6,1591737918.62,686563713.2,12803933.0,162281375.0,199391696.97,146113565.2,34240832.0,48601082.0,82186839.4,8809214.2,241236389.60000002,7961442.0,33514265.5,170982050.60000002,165881775.0,104568073.0,85747620,0.0,185373070.0,452497981.5,96198965.0,53416700,109280684.89999999
2017-11-01,77199034.1,726566943.2,440174618.9,15646024.0,136086516.8,168305299.2,177916005.20000002,17335406.1,20677586.6,75594861.5,21880071.9,245059784.29999998,6830892.0,42128266.0,201837278.4,163205103.0,64570589.0,96534470,0.0,100234396.0,441080548.1,77143263.6,35201440,60117542.300000004
2017-12-01,157878517.5,919217719.9699999,654272838.5999999,11880083.0,193171137.9,164797425.4,245502482.0,25898796.9,72441635.1,75769593.7,17263781.500000004,403546385.2,7918647.0,44701890.4,317324068.7,340885203.0,134039051.0,219352150,0.0,186087204.9,741735843.3,199577193.0,79927300,74246083.20000002
2018-01-01,121550255.3,736881448.1,423127526.2,7306374.0,132419638.0,103090107.6,133072454.2,20056768.299999997,20848600.8,56198724.800000004,23715221.3,298091540.09999996,6264823.8,29102665.200000003,198062173.4,211682806.0,75493450.0,186468740,0.0,123042386.7,464110068.508,278874097.0,23669390,79664383.3
2018-02-01,254056940.9,1162725247.9,622778454.7,11485130.0,223865397.10000002,140803281.0,216660919.1,45151599.7,19066420.299999997,75757291.6,12668256.7,407924937.2,5178802.0,38434883.599999994,257123620.3,527459990.0,177321665.0,277982550,0.0,144092642.6,540565791.8,157553052.5,38035940,108251081.0
2018-03-01,184578726.9,732832574.7,316007982.42999995,8152000.1,119423731.0,67948509.5,129771939.1,24435994.72,9865233.000000002,36739399.099999994,6158017.2,257607561.72,2874899.7,20064838.700000003,131431612.5,347933190.0,95174204.0,156290660,0.0,80282835.9,256354429.19,77980459.6,18867230,45513523.3
2018-04-01,142710338.0,932754428.4,483320234.9,13836947.0,129143466.9,115864911.4,167540065.2,29802453.5,26487083.4,75775658.9,19065728.8,322009340.59999996,9969507.6,42810487.1,267191630.1,237712098.0,86806939.0,158433060,0.0,224154243.2,420535901.79999995,170981899.0,17037840,93486782.2
2018-05-01,88152241.2,585300284.6,370879556.59000003,14627059.5,86991375.4,76538963.6,132130367.7,24906589.099999998,17302408.0,48488384.5,10049016.9,261656397.20000002,7853653.7,44968988.0,222020464.3,173469150.0,73041377.0,116269670,0.0,197186341.0,371189030.1,193942742.0,16090380,46832365.400000006
2018-06-01,125437073.0,638502281.852,351644849.11399996,19191243.6,102747362.7,80809818.69999999,147855805.3,29187981.7,14756922.2,65656902.69999999,16565884.5,383516626.0,7125864.2,53016830.4,363035557.2,168452540.0,66042640.0,103127800,0.0,158993117.0,296350720.8,125611030.0,19777090,56969736.099999994
2018-07-01,87048503.7,556266983.217,267161586.625,13851844.799999999,100385795.7,65264265.800000004,141020976.5,24549210.1,9370003.600000001,57645517.5,14415181.700000001,375506598.8,5179050.1,35324717.5,236460959.6,148353009.0,52330481.9,107383240,0.0,103782544.4,232374802.60000002,76848282.6,9234050,39119626.1
2018-08-01,75812956.7,658096067.5,318179899.1,11879275.2,98522908.4,73300263.3,122810716.79999998,20849842.6,11039110.0,61736857.500000015,7801434.800000001,295792823.46999997,6998304.3,41768883.61,267965925.59999996,157387493.0,55161287.0,95370330,0.0,139229858.0,375296364.7,93516222.19999999,12242690,49089590.2
2018-09-01,99264521.8,592817832.0,313425134.0,9521834.9,93819281.97999999,65255082.5,102416091.6,22124794.200000003,6745797.600000001,52268450.1,5272343.5,291198993.36,5779501.6,34682694.5,222007553.6,143293968.0,43400971.0,87823555,0.0,136751438.1,340962047.6,67950587.6,20345350,42125828.1
2018-10-01,70559872.4,358776815.4,234138022.90000004,8230508.800000001,62196101.199999996,53218356.7,79674764.4,18248851.7,4857618.3,38061382.849999994,3535823.0,208357513.7,3311916.7,26729503.099999998,153747396.89999998,124110151.0,33898617.5,79987622,0.0,100744806.9,231160298.59999996,40612066.0,15697290,29104222.1
2018-11-01,90159232.6,397189303.25,224457151.79999995,7191478.2,74162537.19999999,56517660.900000006,88074238.6,13511697.799999999,4328002.4,37148808.02,4073655.9,252091983.96000004,2900304.9,26365400.2,158535675.8,175024501.0,86406777.0,122941754,0.0,86633673.2,200500388.4,35285989.1,9327330,35487569.49999999
2018-12-01,77878660.19999999,530772742.02,368801186.6,10650376.0,115713688.2,91424822.39999999,126062176.39999999,21055841.9,23204279.500000004,75617887.89999999,7143913.8,221315263.4,4017134.6,32951163.5,196283012.7,158982509.0,130667664.0,94092673,0.0,120317752.0,309359825.5,57376806.6,12149600,85138059.5
2019-01-01,48030579.3,324672713.82,272026144.79999995,7395255.2,63679143.7,71799767.3,93394394.7,17103119.700000003,20285848.099999998,39056701.599999994,3774654.2,176845073.7,3054218.4000000004,30390014.700000003,178970973.79999998,115360560.0,56016212.0,86967882,0.0,57923767.400000006,218431633.0,35370536.2,6463370,54344519.2
2019-02-01,63537367.3,440216178.78000003,359713093.9,10403093.799999999,85324562.2,84731755.80000001,111582282.3,18475946.2,23650593.7,47696940.91,7184709.699999999,245263109.3,3009417.1,25671519.6,162047473.6,133385597.0,77334175.0,92288591,0.0,99638535.3,301953920.9,63916028.599999994,8337710,54921443.8
2019-03-01,83007944.1,605618727.4,461087067.4,13406455.0,121447013.3,90657601.9,113834783.3,20993067.700000003,25755694.8,78533331.7,7128039.0,285027648.49999994,5139676.7,34552402.2,221915866.1,176563310.0,197903694.0,98808480,0.0,141529236.0,572632934.1999999,103375731.5,26767080,76135985.89999999
2019-04-01,165179644.9,1246908865.5,1064151039.2,38718199.0,263558650.0,184935250.0,274607858.0,52437589.6,87527531.0,148504895.4,14087709.0,590328738.9,9539047.0,74591837.0,493398081.6,304594200.0,477375960.0,188202360,0.0,365052139.0,919145686.0,232393241.0,50428100,199577269.0
2019-05-01,253324906.6,1412764268.9,1046601544.0,39801916.0,312030384.0,275094865.2,266732778.60000002,66020798.0,51627609.0,134752015.20000002,13069980.0,619870483.61,8434411.0,64298825.0,512748626.8,333903450.0,315693790.0,175540730,0.0,268629560.0,774866756.4,150111993.2,37802120,179093070.87
2019-06-01,123033969.2,733651292.2,492279442.36999995,16044282.0,157766498.43,126386364.0,149300959.70000002,22582467.5,29736132.1,61849195.400000006,6054052.300000001,630860461.3,7885703.0,47285812.0,276952318.59999996,202000287.0,140515888.0,153347080,0.0,206909680.8,478041287.91999996,160291693.6,17682730,102785027.80000001
2019-07-01,89188527.1,700841595.5,383869047.9,19344534.0,108043463.0,79179332.8,106850206.3,16280688.8,31797166.099999998,44663431.5,4522622.4,525452080.3,3459680.0,29726965.4,204668183.4,188334240.0,154077459.0,124165680,0.0,152191446.7,384373199.3,132040602.4,19062590,74240633.7
2019-08-01,76211890.8,611264134.4,386459577.8,17913578.1,107902583.8,86012433.39999999,104695336.00000001,19906293.2,13022310.7,39455162.9,3721733.9000000004,563081196.0999999,4536368.5,38717768.8,221314612.1,180442209.0,134840712.0,137568850,0.0,150360878.0,428828419.38,119409131.3,11101590,67758401.8
2019-09-01,66811328.2,571437266.76,333308774.5,11413981.4,110258821.2,84429231.7,113973827.7,19011373.7,13548753.899999999,39398405.699999996,4379053.6,532633705.50000006,6218802.1,47973996.4,283281600.6,205663930.0,106980234.0,145101280,0.0,173131014.5,530104151.70000005,165961568.7,17158670,70653386.89999999
2019-10-01,86984582.5,553905584.7,432550209.0,13230158.1,103264309.0,93850597.19999999,107129830.5,25181280.3,19986450.900000002,51964971.099999994,4021545.3,456269267.20000005,5565319.7,42629483.1,284620939.54999995,186345234.0,157862465.0,122286320,0.0,239362157.1,724605487.4,231420042.0,21629320,73996876.19999999
2019-11-01,46654744.599999994,307214788.5,245511699.8,13437690.4,98000588.0,52479947.300000004,85189393.39999999,12335439.600000001,11557730.1,37976114.5,3619774.9,372427597.8,5110485.7,29849339.5,220895053.6,190531521.0,70096993.0,98534980,0.0,169603229.0,378739890.9,100117336.3,11214850,50216113.10000001
2019-12-01,64462576.93000001,411177643.97,280737019.3,18508185.8,82542214.7,62628404.5,138965942.0,15783578.4,8447093.3,32457574.86,4771356.9,382144422.49999994,4458913.6,38529532.6,277751140.40000004,179707022.0,69883250.0,111502860,0.0,154563089.95,395437071.6,139778013.6,9211640,49259294.099999994
2020-01-01,78507209.26,590451528.72,392369988.08,18961208.0,99166719.7,91606033.50000001,143116294.79999998,24912010.9,16628148.7,61305317.1,4631855.7,364096260.6,7999470.7,35525534.9,262565255.70000002,162852298.0,173108138.0,104732420,0.0,185941037.3,605284524.8,239455260.5,10709220,56858445.2
2020-02-01,76612790.2,608718795.98,441034494.35,16836598.0,111848599.2,131271001.19999999,128029822.0,22332215.099999998,27740064.0,58986816.599999994,4386279.2,413841785.8,6013544.0,48535562.0,308952147.2,149964845.0,146669648.0,111341470,0.0,177132511.0,526067622.8,229831344.0,14862870,57847661.0
2020-03-01,105131759.94,1024001428.6700001,796845594.9499999,28311062.3,141759171.7,225374479.01000002,241506810.0,35930478.8,44757662.2,69730611.9,10425471.3,534147381.53999996,8959706.2,155336642.0,719926973.2,226227905.0,254563475.0,162438280,0.0,357439647.3,1020396019.73,480705247.32,22244840,76060474.3
2020-04-01,109621800.0,964010674.688,954594936.1,24075518.0,167701731.3,182058351.10000002,274901346.1,46480141.1,24738225.0,90768468.39999999,12645492.0,691005143.3,7191120.0,127938231.0,565308514.0,250140478.0,223024700.0,159046490,0.0,317051372.0,1091983669.71,360083674.6,19623710,96947144.6
2020-05-01,83127869.6,626876443.6,609373108.5,15067739.0,104246238.8,116665486.5,159666469.4,32551170.599999998,16338469.0,61818430.60000001,17600021.299999997,660834117.6,10194122.0,143810125.0,539931444.4,139849312.0,98116026.0,96737840,0.0,183978163.4,563776013.4,271087009.9,11843900,56346059.099999994
2020-06-01,44925435.7,514371073.51000005,500259499.74999994,7619329.1,92261255.5,89103016.4,144086322.52,20327752.4,16797096.1,63579866.86999999,17835221.4,500476570.65999997,9793688.0,71439335.0,343379806.0,109227329.0,65832073.0,64473340,0.0,149730888.8,516616658.0,332633687.0,6496990,44484770.2
2020-07-01,56602246.0,614140501.47,507932339.45400006,9405889.5,128623249.9,165189245.10000002,166475299.39999998,38840422.1,44289062.0,145802193.55,35914226.0,562393230.292,12404384.0,119281600.5,516719403.03,159327548.0,135743449.8,105511070,0.0,166010442.6,653712128.9,295536181.4,8750980,51683966.6
2020-08-01,156162130.8,1582058454.29,1274022254.19,40824059.0,254255163.7,317094224.7,320770481.9,76488311.5,43065245.0,319813096.5,61967331.0,1183730382.61,15674103.0,230401221.0,1092370255.1,487334519.0,628355322.0,303924620,0.0,364376323.0,1115622734.9,788522232.7,30535380,150247268.0
2020-09-01,92399246.8,1201238672.8,1080700666.06,24348879.7,214437120.0,240040824.3,219774831.9,55383702.3,29673313.0,141420012.8,32185221.0,969983345.31,9452847.0,194628256.4,880654792.1,311759160.0,336230276.0,186005830,0.0,220872725.0,779316518.3,476162079.0,20405190,122228959.3
2020-10-01,75903137.1,679732118.05,599618948.0,14579176.2,158594644.3,242296569.90000004,139106421.2,47842471.6,13651164.5,81368825.6,17189598.9,691308421.03,6251224.5,103016173.3,523510029.4,214635454.0,179978615.0,157463830,0.0,126921328.0,437990410.59999996,257509521.5,8743870,70327897.4
2020-11-01,60055219.3,433435971.40000004,413438575.15999997,9031495.1,76751233.2,253727411.5,121271157.5,19271470.200000003,6835879.1,40850822.900000006,9294333.9,472472078.40000004,5262085.4,81241287.0,365557321.20000005,218449669.0,119797170.0,130181440,0.0,97539909.0,284425246.3,169149410.3,6327860,44141358.70000001
2020-12-01,149149137.2,1152727480.3,695685265.16,10817208.5,232171126.0,584527268.1,206461750.0,32790224.900000002,8238961.600000001,60515268.1,14494199.8,719599365.0,6902887.4,102213967.5,400347186.6,296866165.0,191554235.0,194189410,0.0,152976919.0,484687466.4,306451714.7,7678380,79967807.3
